<?xml version="1.0" encoding="UTF-8" ?>
<XMLDB PATH="enrol/ifthenpay/db" VERSION="2015010200" COMMENT="XMLDB file for Moodle enrol/ifthenpay"
    xmlns:xsi="http://www.w3.org/2001/XMLSchema-instance"
    xsi:noNamespaceSchemaLocation="../../../lib/xmldb/xmldb.xsd"
>
  <TABLES>
    <TABLE NAME="enrol_ifthenpay" COMMENT="Holds all known information about ifthenpay transactions">
      <FIELDS>
        <FIELD NAME="id" TYPE="int" LENGTH="10" NOTNULL="true" SEQUENCE="true"/>
        <FIELD NAME="m_payment_id" TYPE="char" LENGTH="50" NOTNULL="true" SEQUENCE="false"/>
        <FIELD NAME="pf_payment_id" TYPE="char" LENGTH="50" NOTNULL="true" SEQUENCE="false"/>
        <FIELD NAME="payment_status" TYPE="char" LENGTH="50" NOTNULL="true" SEQUENCE="false"/>
        <FIELD NAME="payment_method" TYPE="char" LENGTH="50" NOTNULL="true" SEQUENCE="false"/>
        <FIELD NAME="item_name" TYPE="char" LENGTH="100" NOTNULL="true" SEQUENCE="false"/>
        <FIELD NAME="item_description" TYPE="char" LENGTH="255" NOTNULL="false" SEQUENCE="false"/>
        <FIELD NAME="courseid" TYPE="int" LENGTH="10" NOTNULL="true" DEFAULT="0" SEQUENCE="false"/>
        <FIELD NAME="userid" TYPE="int" LENGTH="10" NOTNULL="true" DEFAULT="0" SEQUENCE="false"/>
        <FIELD NAME="instanceid" TYPE="int" LENGTH="10" NOTNULL="true" DEFAULT="0" SEQUENCE="false"/>
        <FIELD NAME="amount_gross" TYPE="char" LENGTH="12" NOTNULL="true" SEQUENCE="false"/>
        <FIELD NAME="amount_fee" TYPE="char" LENGTH="12" NOTNULL="true" SEQUENCE="false"/>
        <FIELD NAME="amount_net" TYPE="char" LENGTH="12" NOTNULL="true" SEQUENCE="false"/>
        <FIELD NAME="payment_currency" TYPE="char" LENGTH="5" NOTNULL="true" SEQUENCE="false"/>
        <FIELD NAME="name_first" TYPE="char" LENGTH="255" NOTNULL="false" SEQUENCE="false"/>
        <FIELD NAME="name_last" TYPE="char" LENGTH="30" NOTNULL="false" SEQUENCE="false"/>
        <FIELD NAME="email_address" TYPE="char" LENGTH="255" NOTNULL="false" SEQUENCE="false"/>
        <FIELD NAME="gateway_key" TYPE="char" LENGTH="30" NOTNULL="true" SEQUENCE="false"/>
        <FIELD NAME="antiphishing_key" TYPE="char" LENGTH="100" NOTNULL="false" SEQUENCE="false"/>
        <FIELD NAME="signature" TYPE="char" LENGTH="32" NOTNULL="false" SEQUENCE="false"/>
        <FIELD NAME="timeupdated" TYPE="int" LENGTH="10" NOTNULL="true" DEFAULT="0" SEQUENCE="false"/>
      </FIELDS>
      <KEYS>
        <KEY NAME="primary" TYPE="primary" FIELDS="id"/>
      </KEYS>
    </TABLE>
  </TABLES>
</XMLDB>